Cluster,Percentage
0,0.08671875
1,0.078125
2,0.06640625
3,0.028125
4,0.06875
5,0.01640625
6,0.0234375
7,0.0703125
8,0.065625
9,0.015625
10,0.09140625
11,0.05078125
12,0.0640625
13,0.01953125
14,0.02890625
15,0.03359375
16,0.046875
17,0.02890625
18,0.02265625
19,0.0671875
20,0.01015625
21,0.00703125
22,0.009375
