Cluster,Percentage
0,0.06796875
1,0.04609375
2,0.06640625
3,0.028125
4,0.06875
5,0.0078125
6,0.0234375
7,0.00859375
8,0.0703125
9,0.04375
10,0.015625
11,0.05
12,0.05078125
13,0.0640625
14,0.01953125
15,0.01875
16,0.02890625
17,0.03359375
18,0.046875
19,0.02890625
20,0.02265625
21,0.04140625
22,0.0359375
23,0.021875
24,0.03125
25,0.01015625
26,0.03203125
27,0.00703125
28,0.009375
