Cluster,Percentage
0,0.28359375
1,0.19296875
2,0.321875
3,0.14453125
4,0.03984375
5,0.0171875
