Cluster,Percentage
0,0.08671875
1,0.078125
2,0.0953125
3,0.028125
4,0.09765625
5,0.01640625
6,0.0234375
7,0.0703125
8,0.065625
9,0.015625
10,0.09140625
11,0.05078125
12,0.0640625
13,0.01953125
14,0.03359375
15,0.046875
16,0.02265625
17,0.0671875
18,0.01015625
19,0.00703125
20,0.009375
