Cluster,Percentage
0,0.08671875
1,0.078125
2,0.1625
3,0.028125
4,0.16328125
5,0.03984375
6,0.08984375
7,0.025
8,0.09140625
9,0.11484375
10,0.03359375
11,0.06953125
12,0.0171875
