Cluster,Percentage
0,0.4765625
1,0.321875
2,0.14453125
3,0.03984375
4,0.0171875
