Cluster,Percentage
0,0.94296875
1,0.05703125
