Cluster,Percentage
0,0.1203125
1,0.19296875
2,0.1625
3,0.028125
4,0.16328125
5,0.03984375
6,0.08984375
7,0.11640625
8,0.06953125
9,0.0171875
