Cluster,Percentage
0,0.4765625
1,0.321875
2,0.14453125
3,0.05703125
