Cluster,Percentage
0,0.7984375
1,0.14453125
2,0.05703125
