Cluster,Percentage
0,0.08671875
1,0.078125
2,0.1625
3,0.028125
4,0.16328125
5,0.01640625
6,0.0234375
7,0.08984375
8,0.025
9,0.09140625
10,0.11484375
11,0.03359375
12,0.06953125
13,0.0171875
