Cluster,Percentage
0,0.08671875
1,0.078125
2,0.0953125
3,0.028125
4,0.09765625
5,0.01640625
6,0.0234375
7,0.08984375
8,0.065625
9,0.015625
10,0.09140625
11,0.11484375
12,0.03359375
13,0.046875
14,0.02265625
15,0.0671875
16,0.0171875
17,0.009375
