Cluster,Percentage
0,0.28359375
1,0.19296875
2,0.1625
3,0.14453125
4,0.03984375
5,0.159375
6,0.0171875
