Cluster,Percentage
0,0.06796875
1,0.04609375
2,0.06640625
3,0.028125
4,0.06875
5,0.0078125
6,0.0234375
7,0.00859375
8,0.02890625
9,0.04140625
10,0.04375
11,0.015625
12,0.05
13,0.05078125
14,0.0640625
15,0.01953125
16,0.01875
17,0.02890625
18,0.03359375
19,0.046875
20,0.02890625
21,0.02265625
22,0.04140625
23,0.0359375
24,0.021875
25,0.03125
26,0.01015625
27,0.03203125
28,0.00703125
29,0.009375
